{
  "total_labels": 913,
  "total_transcripts": 16,
  "matched": 12,
  "repay_type_dist": {
    "repay": 368,
    "NaN": 344,
    "extend": 201
  },
  "talk_duration_stats": {
    "count": 913.0,
    "mean": 36.45016429353779,
    "std": 11.208255028521682,
    "min": 20.0,
    "25%": 27.0,
    "50%": 33.0,
    "75%": 45.0,
    "max": 60.0
  },
  "top_seats": {
    "CTM-040": 186,
    "CTM-077": 134,
    "CTM-039": 116,
    "CTM-014": 104,
    "CTM-070": 100,
    "CTM-022": 68,
    "CTM-044": 48,
    "CTM-076": 33,
    "CTM-073": 27,
    "CTM-020": 20
  },
  "labeled_transcripts": [
    {
      "match_key": "6281210352852109-20260414082631",
      "repay_type": NaN,
      "talk_duration": 